area,isi,sess,ori,true_pos,n_sample,val_acc,true_pos_train,n_sample_train,train_acc,C,bad_fit,ori_dist_id
LI,isi=6k,13,7,20.0,38,0.5263157894736842,28.710526315789476,37,0.7759601706970128,0.1,False,1
LI,isi=6k,13,6,21.0,37,0.5675675675675675,30.16216216216216,36,0.8378378378378378,0.1,False,2
LI,isi=6k,13,5,22.0,36,0.6111111111111112,26.500000000000004,35,0.7571428571428572,0.1,False,3
LI,isi=6k,13,4,19.0,36,0.5277777777777778,28.41666666666667,35,0.811904761904762,0.1,False,4
LI,isi=6k,13,3,28.0,37,0.7567567567567568,33.02702702702702,36,0.9174174174174172,0.1,False,3
LI,isi=6k,13,2,25.0,38,0.6578947368421053,31.02631578947369,37,0.8385490753911807,0.1,False,2
LI,isi=6k,13,1,22.0,38,0.5789473684210527,35.8421052631579,37,0.9687055476529162,0.4,False,1
LI,isi=6k,12,7,12.0,37,0.32432432432432434,36.0,36,1.0,1.6,True,1
LI,isi=6k,12,6,21.0,38,0.5526315789473685,29.76315789473684,37,0.8044096728307254,0.1,False,2
LI,isi=6k,12,5,32.0,39,0.8205128205128205,35.69230769230767,38,0.9392712550607283,0.1,False,3
LI,isi=6k,12,4,26.0,37,0.7027027027027027,35.7027027027027,36,0.9917417417417417,0.1,False,4
LI,isi=6k,12,3,27.0,37,0.7297297297297297,35.486486486486484,36,0.9857357357357357,0.1,False,3
LI,isi=6k,12,2,25.0,38,0.6578947368421053,33.44736842105264,37,0.9039829302987199,0.1,False,2
LI,isi=6k,12,1,33.0,39,0.8461538461538461,36.153846153846146,38,0.9514170040485828,0.1,False,1
LI,isi=6k,10,7,17.0,34,0.5,24.97058823529412,33,0.7566844919786097,1.6,True,1
LI,isi=6k,10,6,20.0,34,0.5882352941176471,23.76470588235294,33,0.7201426024955436,0.1,False,2
LI,isi=6k,10,5,18.0,34,0.5294117647058824,21.91176470588235,33,0.6639928698752228,0.1,False,3
LI,isi=6k,10,4,20.0,34,0.5882352941176471,21.558823529411764,33,0.6532976827094474,0.1,False,4
LI,isi=6k,10,3,21.0,35,0.6,27.828571428571433,34,0.8184873949579833,0.1,False,3
LI,isi=6k,10,2,19.0,34,0.5588235294117647,24.61764705882353,33,0.7459893048128342,0.1,False,2
LI,isi=6k,10,1,20.0,33,0.6060606060606061,25.060606060606062,32,0.7831439393939394,0.1,False,1
LI,isi=6k,7,7,20.0,36,0.5555555555555556,22.416666666666668,35,0.6404761904761905,0.1,False,1
LI,isi=6k,7,6,19.0,36,0.5277777777777778,26.833333333333336,35,0.7666666666666667,0.4,False,2
LI,isi=6k,7,5,12.0,36,0.3333333333333333,21.66666666666667,35,0.6190476190476192,1.6,True,3
LI,isi=6k,7,4,19.0,35,0.5428571428571428,21.05714285714286,34,0.6193277310924371,0.2,False,4
LI,isi=6k,7,3,16.0,35,0.45714285714285713,22.62857142857143,34,0.665546218487395,1.6,True,3
LI,isi=6k,7,2,21.0,35,0.6,22.65714285714286,34,0.6663865546218488,0.1,False,2
LI,isi=6k,7,1,21.0,36,0.5833333333333334,25.277777777777786,35,0.7222222222222224,0.1,False,1
LI,isi=6k,6,7,19.0,35,0.5428571428571428,27.314285714285717,34,0.8033613445378152,0.1,False,1
LI,isi=6k,6,6,18.0,35,0.5142857142857142,28.142857142857142,34,0.8277310924369747,0.1,False,2
LI,isi=6k,6,5,21.0,35,0.6,28.171428571428574,34,0.8285714285714286,0.1,False,3
LI,isi=6k,6,4,20.0,35,0.5714285714285714,26.057142857142857,34,0.7663865546218487,0.1,False,4
LI,isi=6k,6,3,20.0,34,0.5882352941176471,27.235294117647054,33,0.8253119429590017,0.1,False,3
LI,isi=6k,6,2,13.0,35,0.37142857142857144,31.342857142857138,34,0.9218487394957982,1.6,True,2
LI,isi=6k,6,1,18.0,35,0.5142857142857142,32.028571428571425,34,0.9420168067226891,0.4,False,1
LI,isi=6k,3,7,17.0,35,0.4857142857142857,24.571428571428577,34,0.7226890756302522,1.6,True,1
LI,isi=6k,3,6,19.0,36,0.5277777777777778,25.69444444444445,35,0.7341269841269843,0.1,False,2
LI,isi=6k,3,5,24.0,36,0.6666666666666666,24.722222222222225,35,0.7063492063492064,0.1,False,3
LI,isi=6k,3,4,21.0,35,0.6,23.885714285714286,34,0.7025210084033614,0.1,False,4
LI,isi=6k,3,3,19.0,36,0.5277777777777778,23.83333333333334,35,0.6809523809523811,0.1,False,3
LI,isi=6k,3,2,20.0,36,0.5555555555555556,24.027777777777782,35,0.6865079365079366,0.1,False,2
LI,isi=6k,3,1,18.0,35,0.5142857142857142,21.571428571428573,34,0.6344537815126051,0.1,False,1
LI,isi=6k,1,7,15.0,33,0.45454545454545453,32.0,32,1.0,1.6,True,1
LI,isi=6k,1,6,27.0,34,0.7941176470588235,32.970588235294116,33,0.999108734402852,0.2,False,2
LI,isi=6k,1,5,24.0,36,0.6666666666666666,27.777777777777786,35,0.7936507936507938,0.1,False,3
LI,isi=6k,1,4,24.0,36,0.6666666666666666,30.194444444444446,35,0.8626984126984127,0.1,False,4
LI,isi=6k,1,3,21.0,35,0.6,29.599999999999998,34,0.8705882352941176,0.1,False,3
LI,isi=6k,1,2,24.0,35,0.6857142857142857,28.057142857142857,34,0.8252100840336134,0.1,False,2
LI,isi=6k,1,1,26.0,35,0.7428571428571429,30.942857142857143,34,0.9100840336134454,0.1,False,1
LI,isi=6k,0,7,19.0,35,0.5428571428571428,28.37142857142857,34,0.834453781512605,0.1,False,1
LI,isi=6k,0,6,25.0,35,0.7142857142857143,25.828571428571433,34,0.7596638655462186,0.1,False,2
LI,isi=6k,0,5,15.0,35,0.42857142857142855,34.0,34,1.0,1.6,True,3
LI,isi=6k,0,4,18.0,35,0.5142857142857142,34.0,34,1.0,0.4,True,4
LI,isi=6k,0,3,23.0,35,0.6571428571428571,29.2,34,0.8588235294117647,0.1,False,3
LI,isi=6k,0,2,26.0,34,0.7647058823529411,29.647058823529413,33,0.8983957219251337,0.1,False,2
LI,isi=6k,0,1,28.0,35,0.8,32.028571428571425,34,0.9420168067226891,0.1,False,1
LI,isi=250,13,7,27.0,48,0.5625,43.104166666666664,47,0.9171099290780141,0.4,False,1
LI,isi=250,13,6,24.0,46,0.5217391304347826,39.06521739130435,45,0.8681159420289856,0.1,False,2
LI,isi=250,13,5,28.0,53,0.5283018867924528,45.943396226415096,52,0.8835268505079826,0.2,False,3
LI,isi=250,13,4,35.0,52,0.6730769230769231,43.63461538461538,51,0.8555806938159878,0.1,False,4
LI,isi=250,13,3,16.0,42,0.38095238095238093,38.50000000000001,41,0.9390243902439026,1.6,True,3
LI,isi=250,13,2,34.0,46,0.7391304347826086,40.565217391304344,45,0.9014492753623188,0.1,False,2
LI,isi=250,13,1,36.0,55,0.6545454545454545,46.78181818181819,54,0.8663299663299665,0.1,False,1
LI,isi=250,12,7,19.0,41,0.4634146341463415,40.0,40,1.0,1.6,True,1
LI,isi=250,12,6,23.0,41,0.5609756097560976,37.26829268292683,40,0.9317073170731707,0.1,False,2
LI,isi=250,12,5,31.0,43,0.7209302325581395,39.0232558139535,42,0.9291251384274641,0.1,False,3
LI,isi=250,12,4,34.0,49,0.6938775510204082,44.24489795918367,48,0.9217687074829931,0.1,False,4
LI,isi=250,12,3,30.0,43,0.6976744186046512,37.372093023255815,42,0.889811738648948,0.1,False,3
LI,isi=250,12,2,28.0,40,0.7,35.52499999999999,39,0.9108974358974358,0.1,False,2
LI,isi=250,12,1,23.0,39,0.5897435897435898,35.79487179487179,38,0.9419703103913628,0.1,False,1
LI,isi=250,10,7,18.0,35,0.5142857142857142,28.71428571428571,34,0.8445378151260503,0.4,False,1
LI,isi=250,10,6,29.0,44,0.6590909090909091,31.18181818181818,43,0.7251585623678647,0.1,False,2
LI,isi=250,10,5,34.0,46,0.7391304347826086,36.15217391304346,45,0.803381642512077,0.1,False,3
LI,isi=250,10,4,27.0,44,0.6136363636363636,30.795454545454547,43,0.7161733615221988,0.1,False,4
LI,isi=250,10,3,26.0,39,0.6666666666666666,27.692307692307686,38,0.7287449392712549,0.1,False,3
LI,isi=250,10,2,24.0,38,0.631578947368421,28.973684210526315,37,0.783072546230441,0.1,False,2
LI,isi=250,10,1,17.0,32,0.53125,20.78125,31,0.6703629032258065,0.1,False,1
LI,isi=250,7,7,18.0,35,0.5142857142857142,24.714285714285708,34,0.7268907563025209,0.1,False,1
LI,isi=250,7,6,16.0,25,0.64,18.48,24,0.77,0.1,False,2
LI,isi=250,7,5,20.0,32,0.625,21.187499999999996,31,0.6834677419354838,0.1,False,3
LI,isi=250,7,4,28.0,45,0.6222222222222222,31.666666666666664,44,0.7196969696969696,0.1,False,4
LI,isi=250,7,3,23.0,41,0.5609756097560976,24.463414634146336,40,0.6115853658536584,0.1,False,3
LI,isi=250,7,2,30.0,46,0.6521739130434783,31.978260869565226,45,0.7106280193236717,0.1,False,2
LI,isi=250,7,1,25.0,46,0.5434782608695652,28.34782608695653,45,0.6299516908212562,0.1,False,1
LI,isi=250,6,7,22.0,43,0.5116279069767442,33.74418604651163,42,0.8034330011074197,0.1,False,1
LI,isi=250,6,6,28.0,36,0.7777777777777778,31.888888888888886,35,0.911111111111111,0.1,False,2
LI,isi=250,6,5,19.0,37,0.5135135135135135,31.324324324324323,36,0.8701201201201201,0.1,False,3
LI,isi=250,6,4,23.0,41,0.5609756097560976,35.19512195121952,40,0.8798780487804879,0.2,False,4
LI,isi=250,6,3,18.0,35,0.5142857142857142,30.74285714285714,34,0.9042016806722688,0.2,False,3
LI,isi=250,6,2,23.0,36,0.6388888888888888,29.472222222222225,35,0.8420634920634922,0.1,False,2
LI,isi=250,6,1,29.0,40,0.725,34.775000000000006,39,0.8916666666666668,0.1,False,1
LI,isi=250,3,7,24.0,44,0.5454545454545454,26.34090909090909,43,0.6125792811839323,0.1,False,1
LI,isi=250,3,6,22.0,42,0.5238095238095238,28.761904761904763,41,0.7015098722415796,0.2,False,2
LI,isi=250,3,5,20.0,38,0.5263157894736842,27.578947368421055,37,0.7453769559032718,0.2,False,3
LI,isi=250,3,4,16.0,38,0.42105263157894735,23.315789473684212,37,0.6301564722617354,1.6,True,4
LI,isi=250,3,3,20.0,34,0.5882352941176471,24.32352941176471,33,0.7370766488413548,0.2,False,3
LI,isi=250,3,2,24.0,36,0.6666666666666666,26.05555555555556,35,0.7444444444444446,0.1,False,2
LI,isi=250,3,1,22.0,39,0.5641025641025641,24.53846153846154,38,0.645748987854251,0.1,False,1
LI,isi=250,1,7,28.0,39,0.717948717948718,33.89743589743589,38,0.8920377867746287,0.1,False,1
LI,isi=250,1,6,20.0,42,0.47619047619047616,39.88095238095238,41,0.9727061556329849,1.6,True,2
LI,isi=250,1,5,24.0,40,0.6,33.650000000000006,39,0.862820512820513,0.1,False,3
LI,isi=250,1,4,24.0,42,0.5714285714285714,38.952380952380956,41,0.9500580720092916,0.4,False,4
LI,isi=250,1,3,16.0,46,0.34782608695652173,41.32608695652173,45,0.9183574879227051,1.6,True,3
LI,isi=250,1,2,28.0,43,0.6511627906976745,35.81395348837208,42,0.8527131782945734,0.1,False,2
LI,isi=250,1,1,26.0,39,0.6666666666666666,33.61538461538461,38,0.8846153846153846,0.1,False,1
LI,isi=250,0,7,33.0,47,0.7021276595744681,42.106382978723396,46,0.9153561517113782,0.1,False,1
LI,isi=250,0,6,31.0,45,0.6888888888888889,41.088888888888874,44,0.9338383838383836,0.1,False,2
LI,isi=250,0,5,26.0,37,0.7027027027027027,33.43243243243243,36,0.9286786786786786,0.1,False,3
LI,isi=250,0,4,20.0,39,0.5128205128205128,32.02564102564103,38,0.8427800269905534,0.1,False,4
LI,isi=250,0,3,24.0,38,0.631578947368421,31.07894736842106,37,0.8399715504978664,0.1,False,3
LI,isi=250,0,2,25.0,37,0.6756756756756757,34.7027027027027,36,0.9639639639639639,0.1,False,2
LI,isi=250,0,1,27.0,43,0.627906976744186,34.69767441860465,42,0.8261351052048727,0.1,False,1
LM,isi=6k,21,7,23.0,38,0.6052631578947368,27.92105263157895,37,0.7546230440967283,0.1,False,1
LM,isi=6k,21,6,16.0,37,0.43243243243243246,28.86486486486487,36,0.8018018018018019,1.6,True,2
LM,isi=6k,21,5,20.0,37,0.5405405405405406,26.837837837837835,36,0.7454954954954954,0.1,False,3
LM,isi=6k,21,4,19.0,38,0.5,33.00000000000001,37,0.891891891891892,1.6,True,4
LM,isi=6k,21,3,20.0,37,0.5405405405405406,29.945945945945947,36,0.8318318318318318,0.4,False,3
LM,isi=6k,21,2,23.0,36,0.6388888888888888,29.638888888888893,35,0.8468253968253969,0.1,False,2
LM,isi=6k,21,1,22.0,37,0.5945945945945946,27.43243243243243,36,0.762012012012012,0.1,False,1
LM,isi=6k,20,7,15.0,38,0.39473684210526316,37.0,37,1.0,1.6,True,1
LM,isi=6k,20,6,23.0,37,0.6216216216216216,33.1081081081081,36,0.9196696696696695,0.1,False,2
LM,isi=6k,20,5,28.0,36,0.7777777777777778,33.80555555555554,35,0.9658730158730156,0.1,False,3
LM,isi=6k,20,4,23.0,36,0.6388888888888888,31.083333333333332,35,0.888095238095238,0.1,False,4
LM,isi=6k,20,3,21.0,37,0.5675675675675675,29.702702702702705,36,0.8250750750750752,0.1,False,3
LM,isi=6k,20,2,26.0,38,0.6842105263157895,34.210526315789465,37,0.9246088193456613,0.1,False,2
LM,isi=6k,20,1,12.0,38,0.3157894736842105,37.0,37,1.0,1.6,True,1
LM,isi=6k,19,7,20.0,37,0.5405405405405406,30.783783783783782,36,0.8551051051051051,0.1,False,1
LM,isi=6k,19,6,11.0,36,0.3055555555555556,35.0,35,1.0,1.6,True,2
LM,isi=6k,19,5,27.0,36,0.75,31.138888888888886,35,0.8896825396825396,0.1,False,3
LM,isi=6k,19,4,27.0,36,0.75,33.138888888888886,35,0.9468253968253967,0.1,False,4
LM,isi=6k,19,3,20.0,37,0.5405405405405406,33.13513513513513,36,0.9204204204204203,0.1,False,3
LM,isi=6k,19,2,27.0,37,0.7297297297297297,30.864864864864863,36,0.8573573573573573,0.1,False,2
LM,isi=6k,19,1,22.0,37,0.5945945945945946,28.567567567567565,36,0.7935435435435435,0.1,False,1
LM,isi=6k,18,7,13.0,37,0.35135135135135137,36.0,36,1.0,1.6,True,1
LM,isi=6k,18,6,24.0,37,0.6486486486486487,35.78378378378378,36,0.993993993993994,0.1,False,2
LM,isi=6k,18,5,35.0,39,0.8974358974358975,37.282051282051285,38,0.9811066126855601,0.05,False,3
LM,isi=6k,18,4,26.0,40,0.65,38.125,39,0.9775641025641025,0.1,False,4
LM,isi=6k,18,3,29.0,37,0.7837837837837838,35.64864864864865,36,0.9902402402402404,0.1,False,3
LM,isi=6k,18,2,32.0,39,0.8205128205128205,37.97435897435897,38,0.9993252361673414,0.1,False,2
LM,isi=6k,18,1,26.0,39,0.6666666666666666,33.61538461538462,38,0.8846153846153848,0.05,False,1
LM,isi=6k,17,7,25.0,36,0.6944444444444444,35.0,35,1.0,0.1,True,1
LM,isi=6k,17,6,27.0,37,0.7297297297297297,35.24324324324324,36,0.978978978978979,0.1,False,2
LM,isi=6k,17,5,36.0,37,0.972972972972973,35.75675675675676,36,0.9932432432432432,0.05,False,3
LM,isi=6k,17,4,31.0,38,0.8157894736842105,36.60526315789474,37,0.9893314366998578,0.05,False,4
LM,isi=6k,17,3,32.0,37,0.8648648648648649,35.13513513513513,36,0.9759759759759759,0.05,False,3
LM,isi=6k,17,2,29.0,37,0.7837837837837838,34.37837837837837,36,0.9549549549549549,0.05,False,2
LM,isi=6k,17,1,28.0,37,0.7567567567567568,34.72972972972972,36,0.9647147147147145,0.1,False,1
LM,isi=6k,16,7,21.0,38,0.5526315789473685,22.842105263157894,37,0.6173541963015647,0.1,False,1
LM,isi=6k,16,6,25.0,36,0.6944444444444444,24.666666666666668,35,0.7047619047619048,0.1,False,2
LM,isi=6k,16,5,27.0,37,0.7297297297297297,26.162162162162165,36,0.7267267267267268,0.1,False,3
LM,isi=6k,16,4,20.0,38,0.5263157894736842,26.052631578947373,37,0.7041251778093884,0.1,False,4
LM,isi=6k,16,3,20.0,37,0.5405405405405406,24.64864864864865,36,0.6846846846846847,0.4,False,3
LM,isi=6k,16,2,14.0,38,0.3684210526315789,24.210526315789476,37,0.6543385490753912,1.6,True,2
LM,isi=6k,16,1,23.0,39,0.5897435897435898,23.153846153846153,38,0.6093117408906883,0.1,False,1
LM,isi=6k,15,7,11.0,37,0.2972972972972973,27.513513513513516,36,0.7642642642642643,1.6,True,1
LM,isi=6k,15,6,24.0,37,0.6486486486486487,26.43243243243243,36,0.7342342342342342,0.1,False,2
LM,isi=6k,15,5,21.0,37,0.5675675675675675,30.405405405405407,36,0.8445945945945946,0.1,False,3
LM,isi=6k,15,4,13.0,38,0.34210526315789475,29.631578947368425,37,0.8008534850640114,1.6,True,4
LM,isi=6k,15,3,20.0,37,0.5405405405405406,28.10810810810811,36,0.7807807807807808,0.2,False,3
LM,isi=6k,15,2,20.0,37,0.5405405405405406,27.54054054054054,36,0.765015015015015,0.1,False,2
LM,isi=6k,15,1,10.0,36,0.2777777777777778,24.138888888888893,35,0.6896825396825398,1.6,True,1
LM,isi=6k,14,7,19.0,34,0.5588235294117647,32.94117647058823,33,0.9982174688057041,0.2,False,1
LM,isi=6k,14,6,19.0,36,0.5277777777777778,35.0,35,1.0,0.4,True,2
LM,isi=6k,14,5,21.0,36,0.5833333333333334,32.61111111111111,35,0.9317460317460315,0.2,False,3
LM,isi=6k,14,4,29.0,36,0.8055555555555556,31.97222222222222,35,0.9134920634920635,0.1,False,4
LM,isi=6k,14,3,19.0,36,0.5277777777777778,31.083333333333332,35,0.888095238095238,0.1,False,3
LM,isi=6k,14,2,19.0,36,0.5277777777777778,32.05555555555555,35,0.9158730158730157,0.1,False,2
LM,isi=6k,14,1,19.0,34,0.5588235294117647,29.47058823529412,33,0.893048128342246,0.1,False,1
LM,isi=6k,13,7,20.0,35,0.5714285714285714,29.085714285714285,34,0.8554621848739495,0.05,False,1
LM,isi=6k,13,6,30.0,35,0.8571428571428571,31.74285714285714,34,0.9336134453781512,0.1,False,2
LM,isi=6k,13,5,24.0,35,0.6857142857142857,30.82857142857143,34,0.9067226890756303,0.1,False,3
LM,isi=6k,13,4,25.0,34,0.7352941176470589,30.735294117647058,33,0.9313725490196079,0.1,False,4
LM,isi=6k,13,3,18.0,34,0.5294117647058824,32.26470588235294,33,0.9777183600713012,0.2,False,3
LM,isi=6k,13,2,13.0,34,0.38235294117647056,33.0,33,1.0,1.6,True,2
LM,isi=6k,13,1,23.0,35,0.6571428571428571,30.17142857142857,34,0.8873949579831932,0.1,False,1
LM,isi=6k,12,7,18.0,34,0.5294117647058824,25.058823529411764,33,0.7593582887700535,0.1,False,1
LM,isi=6k,12,6,22.0,34,0.6470588235294118,27.294117647058826,33,0.8270944741532977,0.1,False,2
LM,isi=6k,12,5,22.0,34,0.6470588235294118,28.235294117647058,33,0.8556149732620321,0.1,False,3
LM,isi=6k,12,4,22.0,33,0.6666666666666666,23.272727272727273,32,0.7272727272727273,0.1,False,4
LM,isi=6k,12,3,19.0,35,0.5428571428571428,29.6,34,0.8705882352941177,0.1,False,3
LM,isi=6k,12,2,24.0,34,0.7058823529411765,26.23529411764706,33,0.7950089126559715,0.1,False,2
LM,isi=6k,12,1,22.0,34,0.6470588235294118,26.735294117647054,33,0.8101604278074865,0.1,False,1
LM,isi=6k,11,7,19.0,34,0.5588235294117647,24.70588235294118,33,0.7486631016042782,0.2,False,1
LM,isi=6k,11,6,21.0,35,0.6,25.91428571428571,34,0.7621848739495798,0.1,False,2
LM,isi=6k,11,5,24.0,36,0.6666666666666666,26.555555555555557,35,0.7587301587301588,0.1,False,3
LM,isi=6k,11,4,26.0,36,0.7222222222222222,27.222222222222232,35,0.777777777777778,0.1,False,4
LM,isi=6k,11,3,24.0,35,0.6857142857142857,26.62857142857143,34,0.7831932773109244,0.1,False,3
LM,isi=6k,11,2,14.0,36,0.3888888888888889,24.55555555555556,35,0.7015873015873018,1.6,True,2
LM,isi=6k,11,1,20.0,35,0.5714285714285714,24.000000000000007,34,0.7058823529411766,0.2,False,1
LM,isi=6k,10,7,20.0,34,0.5882352941176471,31.294117647058822,33,0.9483065953654188,0.1,False,1
LM,isi=6k,10,6,23.0,34,0.6764705882352942,29.647058823529413,33,0.8983957219251337,0.1,False,2
LM,isi=6k,10,5,22.0,35,0.6285714285714286,29.62857142857143,34,0.8714285714285714,0.1,False,3
LM,isi=6k,10,4,23.0,34,0.6764705882352942,32.05882352941177,33,0.9714795008912657,0.1,False,4
LM,isi=6k,10,3,27.0,36,0.75,33.36111111111111,35,0.953174603174603,0.1,False,3
LM,isi=6k,10,2,25.0,35,0.7142857142857143,32.65714285714286,34,0.9605042016806723,0.1,False,2
LM,isi=6k,10,1,25.0,35,0.7142857142857143,31.82857142857143,34,0.9361344537815126,0.1,False,1
LM,isi=6k,9,7,19.0,35,0.5428571428571428,32.599999999999994,34,0.9588235294117646,0.2,False,1
LM,isi=6k,9,6,19.0,35,0.5428571428571428,32.171428571428564,34,0.9462184873949577,0.4,False,2
LM,isi=6k,9,5,23.0,35,0.6571428571428571,31.314285714285713,34,0.9210084033613445,0.1,False,3
LM,isi=6k,9,4,16.0,36,0.4444444444444444,35.0,35,1.0,1.6,True,4
LM,isi=6k,9,3,25.0,36,0.6944444444444444,32.88888888888888,35,0.9396825396825395,0.1,False,3
LM,isi=6k,9,2,23.0,35,0.6571428571428571,30.628571428571426,34,0.9008403361344537,0.1,False,2
LM,isi=6k,9,1,10.0,34,0.29411764705882354,33.0,33,1.0,1.6,True,1
LM,isi=6k,8,7,17.0,36,0.4722222222222222,34.888888888888886,35,0.9968253968253968,0.4,True,1
LM,isi=6k,8,6,28.0,36,0.7777777777777778,31.166666666666664,35,0.8904761904761904,0.1,False,2
LM,isi=6k,8,5,25.0,36,0.6944444444444444,32.47222222222222,35,0.9277777777777777,0.1,False,3
LM,isi=6k,8,4,23.0,36,0.6388888888888888,31.444444444444443,35,0.8984126984126983,0.1,False,4
LM,isi=6k,8,3,26.0,34,0.7647058823529411,31.676470588235293,33,0.9598930481283422,0.1,False,3
LM,isi=6k,8,2,25.0,34,0.7352941176470589,32.588235294117645,33,0.9875222816399287,0.1,False,2
LM,isi=6k,8,1,25.0,35,0.7142857142857143,33.171428571428564,34,0.9756302521008402,0.1,False,1
LM,isi=6k,7,7,15.0,35,0.42857142857142855,34.0,34,1.0,1.6,True,1
LM,isi=6k,7,6,29.0,36,0.8055555555555556,32.19444444444444,35,0.9198412698412698,0.1,False,2
LM,isi=6k,7,5,35.0,36,0.9722222222222222,34.05555555555554,35,0.9730158730158727,0.05,False,3
LM,isi=6k,7,4,19.0,35,0.5428571428571428,34.0,34,1.0,0.1,True,4
LM,isi=6k,7,3,25.0,34,0.7352941176470589,30.558823529411764,33,0.9260249554367201,0.1,False,3
LM,isi=6k,7,2,26.0,33,0.7878787878787878,30.272727272727273,32,0.9460227272727273,0.1,False,2
LM,isi=6k,7,1,21.0,34,0.6176470588235294,32.23529411764706,33,0.9768270944741533,0.1,False,1
LM,isi=6k,6,7,11.0,35,0.3142857142857143,34.0,34,1.0,1.6,True,1
LM,isi=6k,6,6,25.0,35,0.7142857142857143,31.74285714285714,34,0.9336134453781512,0.1,False,2
LM,isi=6k,6,5,28.0,35,0.8,31.428571428571427,34,0.9243697478991596,0.1,False,3
LM,isi=6k,6,4,23.0,35,0.6571428571428571,32.65714285714286,34,0.9605042016806723,0.1,False,4
LM,isi=6k,6,3,22.0,36,0.6111111111111112,33.5,35,0.9571428571428571,0.1,False,3
LM,isi=6k,6,2,24.0,35,0.6857142857142857,32.05714285714285,34,0.9428571428571426,0.1,False,2
LM,isi=6k,6,1,18.0,35,0.5142857142857142,29.4,34,0.8647058823529411,0.1,False,1
LM,isi=6k,5,7,24.0,33,0.7272727272727273,29.09090909090909,32,0.9090909090909091,0.1,False,1
LM,isi=6k,5,6,19.0,35,0.5428571428571428,33.25714285714285,34,0.9781512605042016,0.1,False,2
LM,isi=6k,5,5,30.0,35,0.8571428571428571,33.05714285714285,34,0.9722689075630251,0.1,False,3
LM,isi=6k,5,4,20.0,35,0.5714285714285714,30.37142857142857,34,0.8932773109243697,0.1,False,4
LM,isi=6k,5,3,23.0,36,0.6388888888888888,33.16666666666666,35,0.9476190476190474,0.05,False,3
LM,isi=6k,5,2,27.0,36,0.75,32.58333333333333,35,0.9309523809523809,0.1,False,2
LM,isi=6k,5,1,21.0,34,0.6176470588235294,31.323529411764707,33,0.9491978609625669,0.1,False,1
LM,isi=6k,4,7,31.0,36,0.8611111111111112,34.833333333333336,35,0.9952380952380953,0.1,False,1
LM,isi=6k,4,6,23.0,35,0.6571428571428571,30.314285714285713,34,0.8915966386554621,0.1,False,2
LM,isi=6k,4,5,20.0,35,0.5714285714285714,27.6,34,0.8117647058823529,0.1,False,3
LM,isi=6k,4,4,23.0,36,0.6388888888888888,29.16666666666667,35,0.8333333333333335,0.1,False,4
LM,isi=6k,4,3,25.0,36,0.6944444444444444,31.361111111111107,35,0.896031746031746,0.1,False,3
LM,isi=6k,4,2,30.0,33,0.9090909090909091,30.696969696969695,32,0.959280303030303,0.1,False,2
LM,isi=6k,4,1,26.0,33,0.7878787878787878,30.696969696969695,32,0.959280303030303,0.1,False,1
LM,isi=6k,3,7,14.0,34,0.4117647058823529,33.0,33,1.0,1.6,True,1
LM,isi=6k,3,6,28.0,34,0.8235294117647058,30.70588235294118,33,0.9304812834224601,0.1,False,2
LM,isi=6k,3,5,20.0,36,0.5555555555555556,31.666666666666664,35,0.9047619047619047,0.1,False,3
LM,isi=6k,3,4,26.0,36,0.7222222222222222,29.000000000000007,35,0.8285714285714287,0.1,False,4
LM,isi=6k,3,3,23.0,36,0.6388888888888888,29.777777777777782,35,0.8507936507936509,0.1,False,3
LM,isi=6k,3,2,29.0,36,0.8055555555555556,31.11111111111111,35,0.8888888888888888,0.1,False,2
LM,isi=6k,3,1,27.0,36,0.75,31.666666666666664,35,0.9047619047619047,0.1,False,1
LM,isi=6k,2,7,14.0,35,0.4,34.0,34,1.0,1.6,True,1
LM,isi=6k,2,6,13.0,34,0.38235294117647056,33.0,33,1.0,1.6,True,2
LM,isi=6k,2,5,23.0,34,0.6764705882352942,32.55882352941177,33,0.9866310160427808,0.1,False,3
LM,isi=6k,2,4,17.0,33,0.5151515151515151,28.757575757575758,32,0.8986742424242424,0.1,False,4
LM,isi=6k,2,3,19.0,36,0.5277777777777778,34.86111111111111,35,0.9960317460317459,0.2,False,3
LM,isi=6k,2,2,34.0,36,0.9444444444444444,34.027777777777764,35,0.9722222222222219,0.1,False,2
LM,isi=6k,2,1,20.0,36,0.5555555555555556,35.0,35,1.0,0.1,True,1
LM,isi=6k,1,7,15.0,34,0.4411764705882353,22.176470588235297,33,0.6720142602495545,1.6,True,1
LM,isi=6k,1,6,15.0,34,0.4411764705882353,23.470588235294116,33,0.7112299465240641,1.6,True,2
LM,isi=6k,1,5,22.0,34,0.6470588235294118,26.61764705882353,33,0.8065953654188949,0.1,False,3
LM,isi=6k,1,4,17.0,35,0.4857142857142857,20.914285714285718,34,0.6151260504201682,1.6,True,4
LM,isi=6k,1,3,24.0,35,0.6857142857142857,24.971428571428568,34,0.734453781512605,0.1,False,3
LM,isi=6k,1,2,19.0,35,0.5428571428571428,21.942857142857143,34,0.6453781512605042,0.1,False,2
LM,isi=6k,1,1,19.0,35,0.5428571428571428,21.257142857142856,34,0.6252100840336134,0.2,False,1
LM,isi=6k,0,7,25.0,35,0.7142857142857143,30.51428571428571,34,0.8974789915966385,0.1,False,1
LM,isi=6k,0,6,28.0,36,0.7777777777777778,33.138888888888886,35,0.9468253968253967,0.1,False,2
LM,isi=6k,0,5,24.0,34,0.7058823529411765,30.235294117647058,33,0.9162210338680926,0.1,False,3
LM,isi=6k,0,4,25.0,34,0.7352941176470589,31.35294117647059,33,0.9500891265597149,0.1,False,4
LM,isi=6k,0,3,22.0,35,0.6285714285714286,29.657142857142855,34,0.8722689075630251,0.1,False,3
LM,isi=6k,0,2,25.0,34,0.7352941176470589,30.117647058823533,33,0.912655971479501,0.1,False,2
LM,isi=6k,0,1,25.0,34,0.7352941176470589,30.411764705882355,33,0.9215686274509804,0.1,False,1
LM,isi=250,21,7,22.0,46,0.4782608695652174,34.82608695652174,45,0.773913043478261,1.6,True,1
LM,isi=250,21,6,24.0,41,0.5853658536585366,29.390243902439025,40,0.7347560975609756,0.1,False,2
LM,isi=250,21,5,21.0,41,0.5121951219512195,32.12195121951219,40,0.8030487804878048,0.4,False,3
LM,isi=250,21,4,22.0,49,0.4489795918367347,38.183673469387756,48,0.7954931972789115,1.6,True,4
LM,isi=250,21,3,25.0,44,0.5681818181818182,29.886363636363633,43,0.6950317124735729,0.1,False,3
LM,isi=250,21,2,23.0,42,0.5476190476190477,31.380952380952383,41,0.7653890824622532,0.2,False,2
LM,isi=250,21,1,18.0,45,0.4,33.88888888888889,44,0.7702020202020203,1.6,True,1
LM,isi=250,20,7,20.0,40,0.5,39.0,39,1.0,1.6,True,1
LM,isi=250,20,6,33.0,46,0.717391304347826,40.869565217391305,45,0.9082125603864735,0.1,False,2
LM,isi=250,20,5,40.0,52,0.7692307692307693,46.28846153846152,51,0.9076168929110102,0.1,False,3
LM,isi=250,20,4,38.0,47,0.8085106382978723,42.04255319148935,46,0.9139685476410728,0.1,False,4
LM,isi=250,20,3,27.0,45,0.6,40.68888888888888,44,0.9247474747474745,0.1,False,3
LM,isi=250,20,2,24.0,43,0.5581395348837209,33.90697674418604,42,0.8073089700996676,0.1,False,2
LM,isi=250,20,1,10.0,38,0.2631578947368421,37.0,37,1.0,1.6,True,1
LM,isi=250,19,7,31.0,42,0.7380952380952381,38.45238095238095,41,0.937862950058072,0.1,False,1
LM,isi=250,19,6,31.0,46,0.6739130434782609,36.28260869565216,45,0.8062801932367146,0.1,False,2
LM,isi=250,19,5,33.0,41,0.8048780487804879,35.170731707317074,40,0.8792682926829269,0.1,False,3
LM,isi=250,19,4,22.0,41,0.5365853658536586,38.146341463414636,40,0.9536585365853659,0.2,False,4
LM,isi=250,19,3,24.0,39,0.6153846153846154,36.153846153846146,38,0.9514170040485828,0.1,False,3
LM,isi=250,19,2,25.0,42,0.5952380952380952,36.523809523809526,41,0.8908246225319397,0.1,False,2
LM,isi=250,19,1,25.0,45,0.5555555555555556,41.59999999999999,44,0.9454545454545452,0.1,False,1
LM,isi=250,18,7,27.0,39,0.6923076923076923,37.051282051282044,38,0.9750337381916327,0.1,False,1
LM,isi=250,18,6,25.0,40,0.625,37.375,39,0.9583333333333333,0.1,False,2
LM,isi=250,18,5,31.0,48,0.6458333333333334,46.37499999999999,47,0.9867021276595743,0.1,False,3
LM,isi=250,18,4,28.0,40,0.7,38.525,39,0.9878205128205128,0.1,False,4
LM,isi=250,18,3,31.0,41,0.7560975609756098,39.0,40,0.9750000000000001,0.1,False,3
LM,isi=250,18,2,20.0,36,0.5555555555555556,34.02777777777777,35,0.972222222222222,0.1,False,2
LM,isi=250,18,1,33.0,41,0.8048780487804879,38.17073170731708,40,0.954268292682927,0.1,False,1
LM,isi=250,17,7,41.0,49,0.8367346938775511,47.55102040816327,48,0.9906462585034015,0.1,False,1
LM,isi=250,17,6,35.0,46,0.7608695652173914,44.21739130434782,45,0.9826086956521738,0.05,False,2
LM,isi=250,17,5,40.0,50,0.8,48.94,49,0.9987755102040816,0.1,False,3
LM,isi=250,17,4,43.0,49,0.8775510204081632,46.95918367346938,48,0.9783163265306121,0.05,False,4
LM,isi=250,17,3,41.0,54,0.7592592592592593,52.0,53,0.9811320754716981,0.1,False,3
LM,isi=250,17,2,37.0,47,0.7872340425531915,45.51063829787235,46,0.9893617021276597,0.1,False,2
LM,isi=250,17,1,27.0,47,0.574468085106383,44.85106382978724,46,0.9750231267345053,0.1,False,1
LM,isi=250,16,7,19.0,39,0.48717948717948717,27.333333333333336,38,0.7192982456140351,1.6,True,1
LM,isi=250,16,6,22.0,42,0.5238095238095238,27.40476190476191,41,0.6684088269454124,0.2,False,2
LM,isi=250,16,5,23.0,39,0.5897435897435898,25.128205128205135,38,0.6612685560053982,0.1,False,3
LM,isi=250,16,4,21.0,41,0.5121951219512195,27.414634146341463,40,0.6853658536585365,0.1,False,4
LM,isi=250,16,3,29.0,50,0.58,32.22,49,0.6575510204081633,0.1,False,3
LM,isi=250,16,2,29.0,49,0.5918367346938775,30.612244897959183,48,0.6377551020408163,0.1,False,2
LM,isi=250,16,1,22.0,42,0.5238095238095238,29.190476190476193,41,0.7119628339140535,0.1,False,1
LM,isi=250,15,7,16.0,39,0.41025641025641024,31.128205128205128,38,0.8191632928475033,1.6,True,1
LM,isi=250,15,6,24.0,46,0.5217391304347826,33.934782608695656,45,0.7541062801932368,0.2,False,2
LM,isi=250,15,5,32.0,50,0.64,36.36000000000001,49,0.7420408163265307,0.1,False,3
LM,isi=250,15,4,14.0,44,0.3181818181818182,30.295454545454547,43,0.7045454545454546,1.6,True,4
LM,isi=250,15,3,29.0,47,0.6170212765957447,32.765957446808514,46,0.7123034227567068,0.1,False,3
LM,isi=250,15,2,25.0,44,0.5681818181818182,35.22727272727273,43,0.8192389006342494,0.8,False,2
LM,isi=250,15,1,24.0,40,0.6,29.924999999999997,39,0.7673076923076922,0.1,False,1
LM,isi=250,14,7,26.0,38,0.6842105263157895,33.3421052631579,37,0.9011379800853486,0.1,False,1
LM,isi=250,14,6,21.0,36,0.5833333333333334,28.861111111111114,35,0.8246031746031747,0.1,False,2
LM,isi=250,14,5,28.0,49,0.5714285714285714,43.20408163265306,48,0.9000850340136054,0.1,False,3
LM,isi=250,14,4,31.0,49,0.6326530612244898,41.22448979591836,48,0.8588435374149659,0.1,False,4
LM,isi=250,14,3,30.0,40,0.75,35.925000000000004,39,0.9211538461538462,0.1,False,3
LM,isi=250,14,2,26.0,47,0.5531914893617021,38.51063829787235,46,0.8371877890841815,0.1,False,2
LM,isi=250,14,1,27.0,47,0.574468085106383,39.95744680851064,46,0.8686401480111009,0.1,False,1
LM,isi=250,13,7,15.0,34,0.4411764705882353,33.0,33,1.0,1.6,True,1
LM,isi=250,13,6,12.0,35,0.34285714285714286,32.628571428571426,34,0.9596638655462184,0.4,True,2
LM,isi=250,13,5,32.0,45,0.7111111111111111,39.28888888888887,44,0.8929292929292926,0.1,False,3
LM,isi=250,13,4,32.0,48,0.6666666666666666,44.291666666666664,47,0.9423758865248226,0.1,False,4
LM,isi=250,13,3,27.0,44,0.6136363636363636,39.77272727272728,43,0.9249471458773786,0.1,False,3
LM,isi=250,13,2,27.0,42,0.6428571428571429,38.11904761904763,41,0.9297328687572591,0.1,False,2
LM,isi=250,13,1,29.0,40,0.725,35.75,39,0.9166666666666666,0.1,False,1
LM,isi=250,12,7,20.0,42,0.47619047619047616,37.142857142857146,41,0.9059233449477353,1.6,True,1
LM,isi=250,12,6,21.0,41,0.5121951219512195,26.707317073170735,40,0.6676829268292683,0.1,False,2
LM,isi=250,12,5,21.0,48,0.4375,40.125,47,0.8537234042553191,1.6,True,3
LM,isi=250,12,4,25.0,45,0.5555555555555556,35.555555555555564,44,0.8080808080808083,0.1,False,4
LM,isi=250,12,3,18.0,41,0.43902439024390244,35.1219512195122,40,0.8780487804878049,1.6,True,3
LM,isi=250,12,2,23.0,37,0.6216216216216216,29.432432432432435,36,0.8175675675675677,0.1,False,2
LM,isi=250,12,1,18.0,41,0.43902439024390244,32.512195121951216,40,0.8128048780487804,1.6,True,1
LM,isi=250,11,7,20.0,45,0.4444444444444444,29.133333333333333,44,0.6621212121212121,1.6,True,1
LM,isi=250,11,6,12.0,37,0.32432432432432434,24.0,36,0.6666666666666666,1.6,True,2
LM,isi=250,11,5,18.0,35,0.5142857142857142,22.37142857142857,34,0.6579831932773109,0.1,False,3
LM,isi=250,11,4,22.0,39,0.5641025641025641,26.743589743589745,38,0.703778677462888,0.1,False,4
LM,isi=250,11,3,19.0,37,0.5135135135135135,26.32432432432432,36,0.7312312312312311,0.4,False,3
LM,isi=250,11,2,16.0,38,0.42105263157894735,24.65789473684211,37,0.6664295874822191,1.6,True,2
LM,isi=250,11,1,18.0,46,0.391304347826087,27.239130434782616,45,0.6053140096618359,1.6,True,1
LM,isi=250,10,7,26.0,36,0.7222222222222222,33.33333333333333,35,0.9523809523809523,0.1,False,1
LM,isi=250,10,6,22.0,35,0.6285714285714286,31.8,34,0.9352941176470588,0.1,False,2
LM,isi=250,10,5,20.0,38,0.5263157894736842,34.94736842105263,37,0.9445234708392602,0.1,False,3
LM,isi=250,10,4,18.0,38,0.47368421052631576,37.0,37,1.0,1.6,True,4
LM,isi=250,10,3,34.0,44,0.7727272727272727,42.06818181818181,43,0.9783298097251584,0.1,False,3
LM,isi=250,10,2,26.0,35,0.7428571428571429,31.45714285714286,34,0.9252100840336135,0.1,False,2
LM,isi=250,10,1,25.0,35,0.7142857142857143,30.457142857142852,34,0.8957983193277309,0.1,False,1
LM,isi=250,9,7,23.0,43,0.5348837209302325,38.90697674418604,42,0.9263565891472867,0.1,False,1
LM,isi=250,9,6,31.0,52,0.5961538461538461,43.11538461538461,51,0.8453996983408748,0.1,False,2
LM,isi=250,9,5,23.0,44,0.5227272727272727,35.15909090909091,43,0.8176532769556025,0.1,False,3
LM,isi=250,9,4,19.0,37,0.5135135135135135,33.27027027027026,36,0.9241741741741739,0.1,False,4
LM,isi=250,9,3,27.0,44,0.6136363636363636,39.27272727272728,43,0.9133192389006344,0.1,False,3
LM,isi=250,9,2,24.0,46,0.5217391304347826,37.89130434782609,45,0.8420289855072466,0.1,False,2
LM,isi=250,9,1,28.0,45,0.6222222222222222,39.55555555555554,44,0.8989898989898987,0.1,False,1
LM,isi=250,8,7,20.0,39,0.5128205128205128,34.30769230769231,38,0.902834008097166,0.1,False,1
LM,isi=250,8,6,23.0,37,0.6216216216216216,34.18918918918918,36,0.9496996996996995,0.1,False,2
LM,isi=250,8,5,31.0,34,0.9117647058823529,32.82352941176471,33,0.9946524064171124,0.1,False,3
LM,isi=250,8,4,27.0,37,0.7297297297297297,34.97297297297297,36,0.9714714714714714,0.1,False,4
LM,isi=250,8,3,28.0,43,0.6511627906976745,40.488372093023244,42,0.9640088593576963,0.1,False,3
LM,isi=250,8,2,36.0,49,0.7346938775510204,47.20408163265306,48,0.9834183673469388,0.1,False,2
LM,isi=250,8,1,26.0,47,0.5531914893617021,41.0,46,0.8913043478260869,0.1,False,1
LM,isi=250,7,7,29.0,39,0.7435897435897436,37.92307692307692,38,0.9979757085020242,0.1,False,1
LM,isi=250,7,6,32.0,43,0.7441860465116279,40.74418604651162,42,0.9700996677740862,0.1,False,2
LM,isi=250,7,5,32.0,39,0.8205128205128205,37.794871794871796,38,0.9946018893387315,0.1,False,3
LM,isi=250,7,4,28.0,35,0.8,33.400000000000006,34,0.9823529411764707,0.1,False,4
LM,isi=250,7,3,35.0,48,0.7291666666666666,46.645833333333336,47,0.9924645390070923,0.1,False,3
LM,isi=250,7,2,36.0,49,0.7346938775510204,46.42857142857143,48,0.9672619047619048,0.1,False,2
LM,isi=250,7,1,27.0,42,0.6428571428571429,39.88095238095238,41,0.9727061556329849,0.1,False,1
LM,isi=250,6,7,18.0,35,0.5142857142857142,25.82857142857143,34,0.7596638655462185,0.1,False,1
LM,isi=250,6,6,23.0,33,0.696969696969697,26.424242424242426,32,0.8257575757575758,0.1,False,2
LM,isi=250,6,5,23.0,36,0.6388888888888888,32.888888888888886,35,0.9396825396825397,0.1,False,3
LM,isi=250,6,4,27.0,42,0.6428571428571429,36.73809523809525,41,0.8960511033681767,0.1,False,4
LM,isi=250,6,3,20.0,39,0.5128205128205128,33.69230769230769,38,0.8866396761133604,0.1,False,3
LM,isi=250,6,2,23.0,35,0.6571428571428571,29.599999999999998,34,0.8705882352941176,0.1,False,2
LM,isi=250,6,1,23.0,40,0.575,35.6,39,0.9128205128205128,0.1,False,1
LM,isi=250,5,7,24.0,42,0.5714285714285714,35.80952380952382,41,0.8734030197444833,0.1,False,1
LM,isi=250,5,6,28.0,40,0.7,35.625,39,0.9134615384615385,0.1,False,2
LM,isi=250,5,5,37.0,40,0.925,36.975,39,0.948076923076923,0.1,False,3
LM,isi=250,5,4,33.0,45,0.7333333333333333,41.79999999999999,44,0.9499999999999998,0.1,False,4
LM,isi=250,5,3,34.0,42,0.8095238095238095,40.023809523809526,41,0.9761904761904762,0.1,False,3
LM,isi=250,5,2,27.0,48,0.5625,43.395833333333336,47,0.9233156028368795,0.1,False,2
LM,isi=250,5,1,30.0,44,0.6818181818181818,38.65909090909091,43,0.8990486257928119,0.1,False,1
LM,isi=250,4,7,27.0,43,0.627906976744186,36.60465116279069,42,0.8715393133997783,0.1,False,1
LM,isi=250,4,6,36.0,46,0.782608695652174,38.173913043478244,45,0.848309178743961,0.1,False,2
LM,isi=250,4,5,28.0,46,0.6086956521739131,40.217391304347814,45,0.8937198067632848,0.1,False,3
LM,isi=250,4,4,17.0,33,0.5151515151515151,26.545454545454547,32,0.8295454545454546,0.1,False,4
LM,isi=250,4,3,31.0,38,0.8157894736842105,36.94736842105263,37,0.9985775248933143,0.1,False,3
LM,isi=250,4,2,33.0,40,0.825,37.5,39,0.9615384615384615,0.1,False,2
LM,isi=250,4,1,22.0,43,0.5116279069767442,33.55813953488372,42,0.7990033222591362,0.1,False,1
LM,isi=250,3,7,25.0,45,0.5555555555555556,37.95555555555557,44,0.862626262626263,0.4,False,1
LM,isi=250,3,6,28.0,45,0.6222222222222222,38.35555555555556,44,0.8717171717171719,0.1,False,2
LM,isi=250,3,5,25.0,41,0.6097560975609756,35.65853658536586,40,0.8914634146341465,0.1,False,3
LM,isi=250,3,4,22.0,41,0.5365853658536586,33.5609756097561,40,0.8390243902439024,0.2,False,4
LM,isi=250,3,3,23.0,40,0.575,32.95,39,0.8448717948717949,0.1,False,3
LM,isi=250,3,2,31.0,44,0.7045454545454546,39.34090909090909,43,0.9149048625792812,0.1,False,2
LM,isi=250,3,1,20.0,40,0.5,35.6,39,0.9128205128205128,1.6,True,1
LM,isi=250,2,7,19.0,36,0.5277777777777778,32.80555555555555,35,0.9373015873015872,0.1,False,1
LM,isi=250,2,6,17.0,46,0.3695652173913043,45.0,45,1.0,1.6,True,2
LM,isi=250,2,5,33.0,50,0.66,44.12,49,0.900408163265306,0.1,False,3
LM,isi=250,2,4,27.0,51,0.5294117647058824,50.0,50,1.0,0.4,True,4
LM,isi=250,2,3,20.0,35,0.5714285714285714,31.942857142857143,34,0.9394957983193277,0.1,False,3
LM,isi=250,2,2,24.0,39,0.6153846153846154,35.28205128205127,38,0.9284750337381914,0.1,False,2
LM,isi=250,2,1,19.0,37,0.5135135135135135,30.43243243243243,36,0.8453453453453453,0.1,False,1
LM,isi=250,1,7,25.0,41,0.6097560975609756,28.487804878048777,40,0.7121951219512195,0.1,False,1
LM,isi=250,1,6,23.0,43,0.5348837209302325,28.279069767441865,42,0.673311184939092,0.1,False,2
LM,isi=250,1,5,26.0,45,0.5777777777777777,28.6,44,0.65,0.1,False,3
LM,isi=250,1,4,28.0,46,0.6086956521739131,31.95652173913044,45,0.710144927536232,0.1,False,4
LM,isi=250,1,3,23.0,44,0.5227272727272727,26.15909090909091,43,0.6083509513742072,0.1,False,3
LM,isi=250,1,2,25.0,44,0.5681818181818182,28.477272727272734,43,0.6622621564482031,0.1,False,2
LM,isi=250,1,1,16.0,40,0.4,23.625000000000004,39,0.6057692307692308,1.6,True,1
LM,isi=250,0,7,25.0,47,0.5319148936170213,38.23404255319149,46,0.8311748381128585,0.1,False,1
LM,isi=250,0,6,37.0,45,0.8222222222222222,42.48888888888889,44,0.9656565656565657,0.1,False,2
LM,isi=250,0,5,32.0,49,0.6530612244897959,42.55102040816327,48,0.8864795918367347,0.1,False,3
LM,isi=250,0,4,41.0,48,0.8541666666666666,45.479166666666664,47,0.9676418439716312,0.1,False,4
LM,isi=250,0,3,26.0,38,0.6842105263157895,33.473684210526315,37,0.9046941678520626,0.1,False,3
LM,isi=250,0,2,39.0,44,0.8863636363636364,41.38636363636363,43,0.9624735729386891,0.1,False,2
LM,isi=250,0,1,28.0,49,0.5714285714285714,39.42857142857144,48,0.8214285714285716,0.1,False,1
V1,isi=6k,5,7,24.0,33,0.7272727272727273,31.87878787878788,32,0.9962121212121212,0.1,False,1
V1,isi=6k,5,6,32.0,34,0.9411764705882353,32.94117647058823,33,0.9982174688057041,0.1,False,2
V1,isi=6k,5,5,27.0,35,0.7714285714285715,32.45714285714285,34,0.9546218487394956,0.1,False,3
V1,isi=6k,5,4,32.0,35,0.9142857142857143,33.05714285714285,34,0.9722689075630251,0.05,False,4
V1,isi=6k,5,3,25.0,33,0.7575757575757576,31.060606060606062,32,0.9706439393939394,0.1,False,3
V1,isi=6k,5,2,27.0,34,0.7941176470588235,32.794117647058826,33,0.9937611408199644,0.1,False,2
V1,isi=6k,5,1,24.0,35,0.6857142857142857,33.85714285714286,34,0.9957983193277311,0.1,False,1
V1,isi=6k,4,7,24.0,35,0.6857142857142857,31.2,34,0.9176470588235294,0.1,False,1
V1,isi=6k,4,6,25.0,34,0.7352941176470589,31.970588235294116,33,0.9688057040998217,0.1,False,2
V1,isi=6k,4,5,26.0,35,0.7428571428571429,31.799999999999994,34,0.9352941176470586,0.1,False,3
V1,isi=6k,4,4,24.0,34,0.7058823529411765,32.67647058823529,33,0.9901960784313725,0.1,False,4
V1,isi=6k,4,3,28.0,35,0.8,30.4,34,0.8941176470588235,0.1,False,3
V1,isi=6k,4,2,22.0,35,0.6285714285714286,30.82857142857143,34,0.9067226890756303,0.1,False,2
V1,isi=6k,4,1,29.0,35,0.8285714285714286,33.85714285714286,34,0.9957983193277311,0.1,False,1
V1,isi=6k,3,7,27.0,35,0.7714285714285715,32.45714285714285,34,0.9546218487394956,0.1,False,1
V1,isi=6k,3,6,34.0,34,1.0,33.0,33,1.0,0.025,True,2
V1,isi=6k,3,5,30.0,33,0.9090909090909091,30.939393939393938,32,0.9668560606060606,0.05,False,3
V1,isi=6k,3,4,32.0,34,0.9411764705882353,32.26470588235294,33,0.9777183600713012,0.05,False,4
V1,isi=6k,3,3,30.0,35,0.8571428571428571,33.971428571428575,34,0.9991596638655462,0.1,False,3
V1,isi=6k,3,2,27.0,34,0.7941176470588235,31.941176470588232,33,0.9679144385026737,0.1,False,2
V1,isi=6k,3,1,26.0,35,0.7428571428571429,32.22857142857142,34,0.9478991596638654,0.1,False,1
V1,isi=6k,2,7,28.0,34,0.8235294117647058,32.23529411764706,33,0.9768270944741533,0.1,False,1
V1,isi=6k,2,6,27.0,34,0.7941176470588235,32.588235294117645,33,0.9875222816399287,0.1,False,2
V1,isi=6k,2,5,23.0,35,0.6571428571428571,33.028571428571425,34,0.9714285714285714,0.1,False,3
V1,isi=6k,2,4,22.0,34,0.6470588235294118,30.705882352941178,33,0.93048128342246,0.1,False,4
V1,isi=6k,2,3,26.0,35,0.7428571428571429,33.74285714285715,34,0.992436974789916,0.1,False,3
V1,isi=6k,2,2,25.0,35,0.7142857142857143,32.942857142857136,34,0.96890756302521,0.1,False,2
V1,isi=6k,2,1,24.0,35,0.6857142857142857,31.485714285714288,34,0.9260504201680673,0.1,False,1
V1,isi=6k,1,7,31.0,36,0.8611111111111112,34.97222222222223,35,0.9992063492063493,0.1,False,1
V1,isi=6k,1,6,25.0,35,0.7142857142857143,29.999999999999996,34,0.8823529411764705,0.05,False,2
V1,isi=6k,1,5,25.0,34,0.7352941176470589,32.88235294117647,33,0.9964349376114081,0.1,False,3
V1,isi=6k,1,4,21.0,35,0.6,33.65714285714286,34,0.9899159663865547,0.1,False,4
V1,isi=6k,1,3,23.0,35,0.6571428571428571,32.74285714285713,34,0.9630252100840333,0.1,False,3
V1,isi=6k,1,2,29.0,36,0.8055555555555556,34.388888888888886,35,0.9825396825396824,0.1,False,2
V1,isi=6k,1,1,27.0,36,0.75,33.972222222222214,35,0.9706349206349204,0.1,False,1
V1,isi=6k,0,7,26.0,36,0.7222222222222222,34.33333333333333,35,0.9809523809523808,0.1,False,1
V1,isi=6k,0,6,23.0,35,0.6571428571428571,33.42857142857143,34,0.9831932773109244,0.1,False,2
V1,isi=6k,0,5,23.0,35,0.6571428571428571,33.028571428571425,34,0.9714285714285714,0.1,False,3
V1,isi=6k,0,4,20.0,36,0.5555555555555556,31.999999999999996,35,0.9142857142857141,0.1,False,4
V1,isi=6k,0,3,30.0,36,0.8333333333333334,34.97222222222223,35,0.9992063492063493,0.1,False,3
V1,isi=6k,0,2,21.0,35,0.6,31.828571428571422,34,0.9361344537815124,0.1,False,2
V1,isi=6k,0,1,23.0,35,0.6571428571428571,33.971428571428575,34,0.9991596638655462,0.1,False,1
V1,isi=250,5,7,37.0,49,0.7551020408163265,47.06122448979592,48,0.9804421768707483,0.1,False,1
V1,isi=250,5,6,36.0,49,0.7346938775510204,45.61224489795919,48,0.9502551020408163,0.1,False,2
V1,isi=250,5,5,31.0,45,0.6888888888888889,41.42222222222222,44,0.9414141414141414,0.1,False,3
V1,isi=250,5,4,33.0,40,0.825,37.3,39,0.9564102564102563,0.1,False,4
V1,isi=250,5,3,27.0,37,0.7297297297297297,34.05405405405405,36,0.9459459459459457,0.1,False,3
V1,isi=250,5,2,30.0,33,0.9090909090909091,31.757575757575758,32,0.9924242424242424,0.05,False,2
V1,isi=250,5,1,30.0,44,0.6818181818181818,40.00000000000001,43,0.9302325581395351,0.1,False,1
V1,isi=250,4,7,26.0,41,0.6341463414634146,39.146341463414636,40,0.9786585365853658,0.1,False,1
V1,isi=250,4,6,32.0,42,0.7619047619047619,39.35714285714286,41,0.9599303135888503,0.1,False,2
V1,isi=250,4,5,33.0,41,0.8048780487804879,37.75609756097561,40,0.9439024390243903,0.1,False,3
V1,isi=250,4,4,26.0,41,0.6341463414634146,37.29268292682926,40,0.9323170731707315,0.1,False,4
V1,isi=250,4,3,21.0,35,0.6,32.77142857142857,34,0.9638655462184874,0.1,False,3
V1,isi=250,4,2,19.0,37,0.5135135135135135,36.0,36,1.0,0.1,True,2
V1,isi=250,4,1,15.0,40,0.375,39.0,39,1.0,1.6,True,1
V1,isi=250,3,7,39.0,45,0.8666666666666667,42.42222222222222,44,0.9641414141414141,0.1,False,1
V1,isi=250,3,6,27.0,33,0.8181818181818182,31.757575757575758,32,0.9924242424242424,0.1,False,2
V1,isi=250,3,5,36.0,41,0.8780487804878049,38.53658536585367,40,0.9634146341463417,0.05,False,3
V1,isi=250,3,4,39.0,45,0.8666666666666667,43.644444444444446,44,0.991919191919192,0.1,False,4
V1,isi=250,3,3,41.0,46,0.8913043478260869,44.543478260869556,45,0.9898550724637679,0.1,False,3
V1,isi=250,3,2,37.0,46,0.8043478260869565,43.02173913043479,45,0.9560386473429953,0.1,False,2
V1,isi=250,3,1,37.0,52,0.7115384615384616,49.96153846153846,51,0.9796380090497737,0.1,False,1
V1,isi=250,2,7,34.0,43,0.7906976744186046,39.44186046511628,42,0.9390919158361019,0.1,False,1
V1,isi=250,2,6,24.0,36,0.6666666666666666,32.33333333333333,35,0.9238095238095236,0.1,False,2
V1,isi=250,2,5,20.0,34,0.5882352941176471,31.235294117647054,33,0.9465240641711229,0.1,False,3
V1,isi=250,2,4,28.0,45,0.6222222222222222,40.75555555555554,44,0.9262626262626259,0.1,False,4
V1,isi=250,2,3,23.0,34,0.6764705882352942,31.970588235294116,33,0.9688057040998217,0.1,False,3
V1,isi=250,2,2,20.0,35,0.5714285714285714,34.0,34,1.0,0.1,True,2
V1,isi=250,2,1,27.0,42,0.6428571428571429,35.9047619047619,41,0.8757259001161438,0.1,False,1
V1,isi=250,1,7,36.0,47,0.7659574468085106,45.00000000000001,46,0.9782608695652175,0.1,False,1
V1,isi=250,1,6,33.0,41,0.8048780487804879,38.46341463414634,40,0.9615853658536585,0.1,False,2
V1,isi=250,1,5,34.0,41,0.8292682926829268,39.97560975609756,40,0.999390243902439,0.1,False,3
V1,isi=250,1,4,28.0,42,0.6666666666666666,40.023809523809526,41,0.9761904761904762,0.1,False,4
V1,isi=250,1,3,24.0,34,0.7058823529411765,32.17647058823529,33,0.9750445632798573,0.1,False,3
V1,isi=250,1,2,25.0,37,0.6756756756756757,34.945945945945944,36,0.9707207207207207,0.1,False,2
V1,isi=250,1,1,29.0,44,0.6590909090909091,41.9090909090909,43,0.9746300211416489,0.1,False,1
V1,isi=250,0,7,29.0,40,0.725,36.675,39,0.9403846153846154,0.1,False,1
V1,isi=250,0,6,22.0,43,0.5116279069767442,40.3953488372093,42,0.9617940199335546,0.1,False,2
V1,isi=250,0,5,22.0,36,0.6111111111111112,34.94444444444444,35,0.9984126984126984,0.1,False,3
V1,isi=250,0,4,23.0,35,0.6571428571428571,33.8,34,0.9941176470588236,0.1,False,4
V1,isi=250,0,3,21.0,40,0.525,35.175000000000004,39,0.901923076923077,0.1,False,3
V1,isi=250,0,2,19.0,30,0.6333333333333333,28.899999999999995,29,0.9965517241379309,0.1,False,2
V1,isi=250,0,1,18.0,31,0.5806451612903226,28.096774193548388,30,0.9365591397849463,0.1,False,1
